tax_code,name,name_slug,company_type,address,district,industry_raw,keyword
313641192,CÔNG TY CỔ PHẦN VIETSOFTWARE B.LINES,CÔNG TY CỔ PHẦN VIETSOFTWARE B,Công ty cổ phần,"1/4 Hồ Bá Phấn, Tổ 3, Khu phố 4, Phường Phước Long A, Quận 9, Thành phố Hồ Chí Minh, Việt Nam",Quận 9,"1812: Dịch vụ liên quan đến in-;1820: Sao chép bản ghi các loại-;5310: Bưu chính-Chi tiết: dịch vụ bưu chính trong phạm vi nội tỉnh, liên tỉnh;4741: Bán lẻ máy vi tính, thiết bị ngoại vi, phần mềm và ",software
313800364,CÔNG TY TNHH SMYRNA SOFTWARE,CÔNG TY TNHH SMYRNA SOFTWARE,Công ty trách nhiệm hữu hạn hai thành viên trở lên,"B.15.05, Saigon Royal, 35 Bến Vân Đồn, Phường 12, Quận 4, Thành phố Hồ Chí Minh, Việt Nam",Quận 4,"7020: Hoạt động tư vấn quản lý-Chi tiết: Dịch vụ tư vấn quản lý 
(Doanh nghiệp không được cung cấp: dịch vụ trọng tài hòa giải đối với tranh chấp thương mại giữa các thương nhân, dịch vụ pháp lý, dịch",software
316493520,CÔNG TY TNHH INTECK SOFTWARE,CÔNG TY TNHH INTECK SOFTWARE,Công ty trách nhiệm hữu hạn một thành viên,"346/38/8 Phan Văn Trị , Phường 11, Quận Bình Thạnh, Thành phố Hồ Chí Minh, Việt Nam",Quận Bình Thạnh,"4651: Bán buôn máy vi tính, thiết bị ngoại vi và phần mềm-;4652: Bán buôn thiết bị và linh kiện điện tử, viễn thông-;4741: Bán lẻ máy vi tính, thiết bị ngoại vi, phần mềm và thiết bị viễn thông trong ",software
313963672,CÔNG TY TNHH SOFT WARE KK VAT,CÔNG TY TNHH SOFT WARE KK VAT,Công ty trách nhiệm hữu hạn một thành viên,"1017/46A Lê Văn Lương, Ấp 3, Xã Phước Kiển, Huyện Nhà Bè, Thành phố Hồ Chí Minh, Việt Nam",,8299: Hoạt động dịch vụ hỗ trợ kinh doanh khác còn lại chưa được phân vào đâu-Chi tiết: Khắc dấu; cung cấp dịch vụ chứng thực chữ ký số công cộng; trung gian cung cấp dịch vụ giải pháp hóa đơn điện tử,software
313998121,CÔNG TY TNHH CACTUS SOFTWARE SOLUTIONS,CÔNG TY TNHH CACTUS SOFTWARE S,Công ty trách nhiệm hữu hạn hai thành viên trở lên,"51/16 Bãi Sậy, Phường 01, Quận 6, Thành phố Hồ Chí Minh, Việt Nam",Quận 6,5820: Xuất bản phần mềm-Chi tiết: Sản xuất phần mềm;6201: Lập trình máy vi tính-;6202: Tư vấn máy vi tính và quản trị hệ thống máy vi tính-;6209: Hoạt động dịch vụ công nghệ thông tin và dịch vụ khác ,software
313981537,CÔNG TY TNHH SAIGON SOFTWARE APPLICATION SSA,CÔNG TY TNHH SAIGON SOFTWARE A,Công ty trách nhiệm hữu hạn hai thành viên trở lên,"776/56 Phạm Văn Bạch, Phường 12, Quận Gò Vấp, Thành phố Hồ Chí Minh, Việt Nam",Quận Gò Vấp,"6311: Xử lý dữ liệu, cho thuê và các hoạt động liên quan-Chi tiết: Cung cấp hạ tầng thông tin cho thuê, dịch vụ xử lý dữ liệu và và các hoạt động có liên quan; tư vấn, cung cấp dịch vụ cho thuê trung ",software
313795146,CÔNG TY TNHH PLANET Q SOFTWARE,CÔNG TY TNHH PLANET Q SOFTWARE,Công ty trách nhiệm hữu hạn một thành viên,"Số 41 Đường 377, Ấp Bàu Tre 2, Xã Tân An Hội, Huyện Củ Chi, Thành phố Hồ Chí Minh, Việt Nam",,"1322: Sản xuất hàng may sẵn (trừ trang phục)-(không hoạt động tại trụ sở);1410: May trang phục (trừ trang phục từ da lông thú)-;1512: Sản xuất vali, túi xách và các loại tương tự, sản xuất yên đệm-Chi",software
314251237,CÔNG TY TNHH ASIA ODC SOFTWARE SERVICES,CÔNG TY TNHH ASIA ODC SOFTWARE,Công ty trách nhiệm hữu hạn một thành viên,"486/5 Lê Quang Định, Phường 11, Quận Bình Thạnh, Thành phố Hồ Chí Minh, Việt Nam",Quận Bình Thạnh,"5610: Nhà hàng và các dịch vụ ăn uống phục vụ lưu động-;5820: Xuất bản phần mềm-Chi tiết: Sản xuất, gia công phần mềm và các ứng dụng dùng cho máy vi tính và các thiết bị di động.;6110: Hoạt động viễn",software
314344065,CÔNG TY TNHH ATP SOFTWARE,CÔNG TY TNHH ATP SOFTWARE,Công ty trách nhiệm hữu hạn hai thành viên trở lên,"86/4B Đường Số 3, Khu Phố 8, Phường Trường Thọ, Quận Thủ Đức, Thành phố Hồ Chí Minh, Việt Nam",Quận Thủ Đức,"6209: Hoạt động dịch vụ công nghệ thông tin và dịch vụ khác liên quan đến máy vi tính-;6311: Xử lý dữ liệu, cho thuê và các hoạt động liên quan-;6312: Cổng thông tin-Chi tiết: Thiết lập trang thông ti",software
314367217,CÔNG TY TNHH CTEQ SOFTWARE,CÔNG TY TNHH CTEQ SOFTWARE,Công ty trách nhiệm hữu hạn một thành viên,"352/4 Nguyễn Tất Thành, Phường 13, Quận 4, Thành phố Hồ Chí Minh, Việt Nam",Quận 4,"5820: Xuất bản phần mềm-Chi tiết: Sản xuất phần mềm;6201: Lập trình máy vi tính-;7020: Hoạt động tư vấn quản lý-(Trừ tư vấn tài chính, kế toán); 4690: Bán buôn tổng hợp-Chi tiết: Bán buôn thùng contai",software
314382751,CÔNG TY TNHH CODELYNX SOFTWARE SERVICES,CÔNG TY TNHH CODELYNX SOFTWARE,Công ty trách nhiệm hữu hạn một thành viên,"Tầng 6 và tầng 7, Tòa nhà Mê Linh Point, số 02 Ngô Đức Kế, Phường Bến Nghé, Quận 1, Thành phố Hồ Chí Minh, Việt Nam",Quận 1,"6202: Tư vấn máy vi tính và quản trị hệ thống máy vi tính-chi tiết: Dịch vụ thực hiện phần mềm bao gồm:
 Dịch vụ tư vấn, phát triển và thực hiện phần mềm
Dịch vụ thiết kế hệ thống; Dịch vụ lập trình; ",software
314449727,CÔNG TY TNHH MEDIASTEP SOFTWARE VIỆT NAM,CÔNG TY TNHH MEDIASTEP SOFTWAR,Công ty trách nhiệm hữu hạn một thành viên,"Tầng 11, Vietjet Plaza, Số 60A Đường Trường Sơn, Phường 2, Quận Tân Bình, Thành phố Hồ Chí Minh, Việt Nam",Quận Tân Bình,"4652: Bán buôn thiết bị và linh kiện điện tử, viễn thông-Chi tiết: Bán buôn thiết bị báo động;4641: Bán buôn vải, hàng may mặc, giày dép-;6201: Lập trình máy vi tính-Chi tiết: Dịch vụ lập trình;4719: ",software
314221786,CÔNG TY TRÁCH NHIỆM HỮU HẠN ABSOLUTE SOFTWARE (VIỆT NAM),CÔNG TY TRÁCH NHIỆM HỮU HẠN AB,Công ty trách nhiệm hữu hạn một thành viên,"Tầng 5, Sảnh D, Tòa nhà S.O.H.O Biz, số 38 Huỳnh Lan Khanh, Phường 2, Quận Tân Bình, Thành phố Hồ Chí Minh, Việt Nam",Quận Tân Bình,6201: Lập trình máy vi tính-;6209: Hoạt động dịch vụ công nghệ thông tin và dịch vụ khác liên quan đến máy vi tính-;Doanh nghiệp có vốn đầu tư nước ngoài có trách nhiệm thực hiện thủ tục đầu tư theo q,software
314796086,CÔNG TY TNHH SOFTWARE SA,CÔNG TY TNHH SOFTWARE SA,Công ty trách nhiệm hữu hạn hai thành viên trở lên,"17/20 Lê Thánh Tôn, Phường Bến Nghé, Quận 1, Thành phố Hồ Chí Minh, Việt Nam",Quận 1,"6201: Lập trình máy vi tính-Chi tiết: Lập trình máy tính - Sản xuất, phát triển phần mềm (CPC: 842);6202: Tư vấn máy vi tính và quản trị hệ thống máy vi tính-(CPC: 842);Doanh nghiệp có vốn đầu tư nước",software
314843988,CÔNG TY TNHH INFINITE SOFTWARE,CÔNG TY TNHH INFINITE SOFTWARE,Công ty trách nhiệm hữu hạn một thành viên,"Tòa Nhà Hive Saigon, 94 Xuân Thủy, Phường Thảo Điền, Quận 2, Thành phố Hồ Chí Minh, Việt Nam",Quận 2,6201: Lập trình máy vi tính-(CPC 842);6209: Hoạt động dịch vụ công nghệ thông tin và dịch vụ khác liên quan đến máy vi tính-(CPC 849);Doanh nghiệp có vốn đầu tư nước ngoài có trách nhiệm thực hiện thủ,software
315061951,CÔNG TY TNHH VNT SOFTWARE,CÔNG TY TNHH VNT SOFTWARE,Công ty trách nhiệm hữu hạn một thành viên,"301/7 Đỗ Xuân Hợp, Khu phố 4, Phường Phước Long B, Quận 9, Thành phố Hồ Chí Minh, Việt Nam",Quận 9,6202: Tư vấn máy vi tính và quản trị hệ thống máy vi tính-;6209: Hoạt động dịch vụ công nghệ thông tin và dịch vụ khác liên quan đến máy vi tính-;6312: Cổng thông tin-Chi tiết: Thiết lập trang thông t,software
315270666,CÔNG TY TNHH STEPMEDIA SOFTWARE VIỆT NAM,CÔNG TY TNHH STEPMEDIA SOFTWAR,Công ty trách nhiệm hữu hạn một thành viên,"Tầng 11, Vietjet Plaza, Số 60A Đường Trường Sơn, Phường 2, Quận Tân Bình, Thành phố Hồ Chí Minh, Việt Nam",Quận Tân Bình,"2620: Sản xuất máy vi tính và thiết bị ngoại vi của máy vi tính-(không hoạt động tại trụ sở).;4741: Bán lẻ máy vi tính, thiết bị ngoại vi, phần mềm và thiết bị viễn thông trong các cửa hàng chuyên doa",software
315285239,CÔNG TY TNHH GERMAN SOFTWARE INTELLIGENCE,CÔNG TY TNHH GERMAN SOFTWARE I,Công ty trách nhiệm hữu hạn một thành viên,"153 Ung Văn Khiêm, Phường 25, Quận Bình Thạnh, Thành phố Hồ Chí Minh, Việt Nam",Quận Bình Thạnh,"7110: Hoạt động kiến trúc và tư vấn kỹ thuật có liên quan-Chi tiết: Dịch vụ tư vấn kỹ thuật (CPC 8672) 
Dịch vụ thiết kế kỹ thuật đối với việc xây dựng nền móng và kết cấu tòa nhà (CPC 86722) Dịch vụ ",software
315380958,CÔNG TY TNHH CISBOX SOFTWARE,CÔNG TY TNHH CISBOX SOFTWARE,Công ty trách nhiệm hữu hạn một thành viên,"311 đường số 8, Phường 11, Quận Gò Vấp, Thành phố Hồ Chí Minh, Việt Nam",Quận Gò Vấp,6201: Lập trình máy vi tính-Chi tiết: Sản xuất phần mềm (CPC 842);Doanh nghiệp có vốn đầu tư nước ngoài có trách nhiệm thực hiện thủ tục đầu tư theo quy định của Luật Đầu tư và Pháp luật có liên quan.,software
315397768,CÔNG TY CỔ PHẦN LADACO SOFTWARE,CÔNG TY CỔ PHẦN LADACO SOFTWAR,Công ty cổ phần,"372 Lê Quang Định, Phường 11, Quận Bình Thạnh, Thành phố Hồ Chí Minh, Việt Nam",Quận Bình Thạnh,"7310: Quảng cáo-;7810: Hoạt động của các trung tâm, đại lý tư vấn, giới thiệu và môi giới lao động, việc làm-chi tiết: Hoạt động của các đại lý tư vấn, giới thiệu và môi giới lao động, việc làm;7830: ",software
315448081,CÔNG TY TNHH  THETA SOFTWARE,CÔNG TY TNHH  THETA SOFTWARE,Công ty trách nhiệm hữu hạn hai thành viên trở lên,"660 Điện Biên Phủ, Phường 11, Quận 10, Thành phố Hồ Chí Minh, Việt Nam",Quận 10,5820: Xuất bản phần mềm-Chi tiết: Sản xuất phần mềm;6209: Hoạt động dịch vụ công nghệ thông tin và dịch vụ khác liên quan đến máy vi tính-Chi tiết: Dịch vụ đăng ký tên miền. Dịch vụ giá trị gia tăng t,software
314840440,CÔNG TY TNHH FOUR30AM SOFTWARE,CÔNG TY TNHH FOUR30AM SOFTWARE,Công ty trách nhiệm hữu hạn một thành viên,"384 An Dương Vương, Phường 10, Quận 6, Thành phố Hồ Chí Minh, Việt Nam",Quận 6,"4652: Bán buôn thiết bị và linh kiện điện tử, viễn thông-Chi tiết: Bán buôn sim card điện thoại, thẻ internet, thẻ sim;4662: Bán buôn kim loại và quặng kim loại-chi tiết: Mua, bán vàng trang sức, mỹ n",software
315575266,CÔNG TY TNHH CÔNG NGHỆ DSOFTWARE,CÔNG TY TNHH CÔNG NGHỆ DSOFTWA,Công ty trách nhiệm hữu hạn hai thành viên trở lên,"L209, Khu văn phòng, Tòa nhà Pearl Plaza, số 561A Điện Biên Phủ, Phường 25, Quận Bình Thạnh, Thành phố Hồ Chí Minh, Việt Nam",Quận Bình Thạnh,"4652: Bán buôn thiết bị và linh kiện điện tử, viễn thông-chi tiết: Bán buôn thiết bị điện máy, điện tử, âm thanh, ánh sáng, màn hình led;6209: Hoạt động dịch vụ công nghệ thông tin và dịch vụ khác liê",software
315606972,CÔNG TY TNHH CÔNG NGHỆ VNSOFTWARE,CÔNG TY TNHH CÔNG NGHỆ VNSOFTW,Công ty trách nhiệm hữu hạn một thành viên,"353 Lý Thái Tổ , Phường 09, Quận 10, Thành phố Hồ Chí Minh, Việt Nam",Quận 10,"4651: Bán buôn máy vi tính, thiết bị ngoại vi và phần mềm-chi tiết: Bán buôn phần mềm;4741: Bán lẻ máy vi tính, thiết bị ngoại vi, phần mềm và thiết bị viễn thông trong các cửa hàng chuyên doanh-chi t",software
315656123,CÔNG TY TNHH PFS-SOFTWARE,CÔNG TY TNHH PFSSOFTWARE,Công ty trách nhiệm hữu hạn hai thành viên trở lên,"L12, Tầng 18, Vincom Center Đồng Khởi, 72 Lê Thánh Tôn, Phường Bến Nghé, Quận 1, Thành phố Hồ Chí Minh, Việt Nam",Quận 1,"5820: Xuất bản phần mềm-Chi tiết: Sản xuất phần mềm;4651: Bán buôn máy vi tính, thiết bị ngoại vi và phần mềm-;6201: Lập trình máy vi tính-;6202: Tư vấn máy vi tính và quản trị hệ thống máy vi tính-;6",software
315698211,CÔNG TY TNHH GIẢI PHÁP PHẦN MỀM MROOM SOFTWARE,CÔNG TY TNHH GIẢI PHÁP PHẦN MỀ,Công ty trách nhiệm hữu hạn một thành viên,"28/14 Nguyễn Nhữ Lãm, Phường Phú Thọ Hoà, Quận Tân Phú, Thành phố Hồ Chí Minh, Việt Nam",Quận Tân Phú,5820: Xuất bản phần mềm-chi tiết: Sản xuất phần mềm;6201: Lập trình máy vi tính-;6202: Tư vấn máy vi tính và quản trị hệ thống máy vi tính-;6209: Hoạt động dịch vụ công nghệ thông tin và dịch vụ khác ,software
315807012,CÔNG TY CỔ PHẦN MEDIGO SOFTWARE,CÔNG TY CỔ PHẦN MEDIGO SOFTWAR,Công ty cổ phần,"Y1 Hồng Lĩnh, Phường 15, Quận 10, Thành phố Hồ Chí Minh, Việt Nam",Quận 10,"4651: Bán buôn máy vi tính, thiết bị ngoại vi và phần mềm-(CPC 622);4741: Bán lẻ máy vi tính, thiết bị ngoại vi, phần mềm và thiết bị viễn thông trong các cửa hàng chuyên doanh-(CPC 632);6201: Lập trì",software
316012499,CÔNG TY TNHH AVIATION SOFTWARE INNOVATION,CÔNG TY TNHH AVIATION SOFTWARE,Công ty trách nhiệm hữu hạn hai thành viên trở lên,"235/15 Thích Quảng Đức, Phường 04, Quận Phú Nhuận, Thành phố Hồ Chí Minh, Việt Nam",Quận Phú Nhuận,6201: Lập trình máy vi tính-;5820: Xuất bản phần mềm-Chi tiết: Sản xuất phần mềm.;6202: Tư vấn máy vi tính và quản trị hệ thống máy vi tính-;Doanh nghiệp phải thực hiện đúng các quy định của pháp luật,software
316012259,CÔNG TY TNHH ROWBOAT SOFTWARE,CÔNG TY TNHH ROWBOAT SOFTWARE,Công ty trách nhiệm hữu hạn một thành viên,"Tầng 4, TSA Building, 77 Lê Trung Nghĩa, Phường 12, Quận Tân Bình, Thành phố Hồ Chí Minh, Việt Nam",Quận Tân Bình,"6201: Lập trình máy vi tính-Chi tiết: Phát triển phần mềm;Doanh nghiệp phải thực hiện đúng các quy định của pháp luật về đất đai, xây dựng, phòng cháy chữa cháy, bảo vệ môi trường, các quy định khác c",software
316035249,CÔNG TY TNHH PRO MAN SOFTWARE,CÔNG TY TNHH PRO MAN SOFTWARE,Công ty trách nhiệm hữu hạn một thành viên,"93 Nguyễn Bỉnh Khiêm, Phường Đa Kao, Quận 1, Thành phố Hồ Chí Minh, Việt Nam",Quận 1,6312: Cổng thông tin-Chi tiết: Thiết lập trang thông tin điện tử tổng hợp; Thiết lập mạng xã hội;2610: Sản xuất linh kiện điện tử-(không hoạt động tại trụ sở).;2620: Sản xuất máy vi tính và thiết bị n,software
316047389,CÔNG TY TNHH SOFTWARE ENGINNEER STC,CÔNG TY TNHH SOFTWARE ENGINNEE,Công ty trách nhiệm hữu hạn một thành viên,"67/20 Lê Đức Thọ, Phường 7, Quận Gò Vấp, Thành phố Hồ Chí Minh, Việt Nam",Quận Gò Vấp,"6201: Lập trình máy vi tính-;4610: Đại lý, môi giới, đấu giá hàng hóa-Chi tiết: Đại lý. Môi giới (trừ môi giới bất động sản);5310: Bưu chính-Chi tiết: Hoạt động bưu chính trong phạm vi nội tỉnh và liê",software
315464164,CÔNG TY CỔ PHẦN INT SOFTWARE,CÔNG TY CỔ PHẦN INT SOFTWARE,Công ty cổ phần,"Tầng 19, Khu văn phòng Tòa nhà Indochina, Số 4 Nguyễn Đình Chiểu, Phường Đa Kao, Quận 1, Thành phố Hồ Chí Minh, Việt Nam",Quận 1,"3312: Sửa chữa máy móc, thiết bị-;4321: Lắp đặt hệ thống điện-;4651: Bán buôn máy vi tính, thiết bị ngoại vi và phần mềm-;4652: Bán buôn thiết bị và linh kiện điện tử, viễn thông-;4659: Bán buôn máy m",software
316235840,CÔNG TY TNHH EDUCATION SOFTWARE VIỆT NAM,CÔNG TY TNHH EDUCATION SOFTWAR,Công ty trách nhiệm hữu hạn hai thành viên trở lên,"148 - 150 Nguyễn Đình Chính, Phường 08, Quận Phú Nhuận, Thành phố Hồ Chí Minh, Việt Nam",Quận Phú Nhuận,"5820: Xuất bản phần mềm-Chi Tiết: Sản xuất phần mềm;4651: Bán buôn máy vi tính, thiết bị ngoại vi và phần mềm-;6201: Lập trình máy vi tính-;6202: Tư vấn máy vi tính và quản trị hệ thống máy vi tính-;6",software
316324346,CÔNG TY TNHH NOVO EVOLUS SOFTWARE,CÔNG TY TNHH NOVO EVOLUS SOFTW,Công ty trách nhiệm hữu hạn một thành viên,"Cityland Garden Hills, Villa Số 7, Đường Số 8, Phường 5, Quận Gò Vấp, Thành phố Hồ Chí Minh, Việt Nam",Quận Gò Vấp,"7410: Hoạt động thiết kế chuyên dụng-Chi tiết: Hoạt động thiết kế website, thiết kế phần mềm, thiết kế phần cứng, thiết kế đồ họa (trừ thiết kế công trình xây dựng);8299: Hoạt động dịch vụ h",software
316324240,CÔNG TY TNHH THƯƠNG MẠI DỊCH VỤ THĂNG LONG SOFTWARE,CÔNG TY TNHH THƯƠNG MẠI DỊCH V,Công ty trách nhiệm hữu hạn một thành viên,"46D Đường 494, Phường Tăng Nhơn Phú A, Quận 9, Thành phố Hồ Chí Minh, Việt Nam",Quận 9,"4774: Bán lẻ hàng hóa đã qua sử dụng trong các cửa hàng chuyên doanh-(trừ bán lẻ hóa chất, đồ cổ, khí dầu mỏ hóa lỏng LPG, dầu nhớt cặn, vàng miếng, súng, đạn loại dùng đi săn hoặc thể thao và tiền ki",software
316355288,CÔNG TY TNHH BUSINESS SOFTWARE AND SOLUTION,CÔNG TY TNHH BUSINESS SOFTWARE,Công ty trách nhiệm hữu hạn hai thành viên trở lên,"53 Kinh Dương Vương, Phường 12, Quận 6, Thành phố Hồ Chí Minh, Việt Nam",Quận 6,"4651: Bán buôn máy vi tính, thiết bị ngoại vi và phần mềm-;4652: Bán buôn thiết bị và linh kiện điện tử, viễn thông-;6201: Lập trình máy vi tính-Chi tiết: Sản xuất phần mềm;6202: Tư vấn máy vi tính và",software
316412137,CÔNG TY CỔ PHẦN BRP SOFTWARE VIỆT NAM,CÔNG TY CỔ PHẦN BRP SOFTWARE V,Công ty cổ phần,"Phòng 06-42, Lầu 6 Toà nhà Everich Infinity, 290 An Dương Vương, Phường 04, Quận 5, Thành phố Hồ Chí Minh, Việt Nam",Quận 5,"6120: Hoạt động viễn thông không dây-chi tiết: 
- hoạt động cung cấp trực tiếp dịch vụ viễn thông không dây
- hoạt động cung cấp dịch vụ viễn thông không dây sử dụng quyền truy cập hạ tầng viễn thông ",software
316475017,CÔNG TY TNHH DIGITAL SOFTWARE TECHNOLOGY VIETNAM,CÔNG TY TNHH DIGITAL SOFTWARE ,Công ty trách nhiệm hữu hạn một thành viên,"Lầu 12 Tòa Nhà Báo Sài Gòn Giải Phóng, 436-438 Nguyễn Thị Minh Khai, Phường 05, Quận 3, Thành phố Hồ Chí Minh, Việt Nam",Quận 3,"7020: Hoạt động tư vấn quản lý-Chi tiết: Dịch vụ tư vấn quản lý chung, Dịch vụ tư vấn quản lý tài chính (trừ thuế kinh doanh); Dịch vụ tư vấn quản lý marketing; dịch vụ tư vấn quản lý nguồn nhân lực (",software
316514227,CÔNG TY TNHH  ANA SOFTWARE SOLUTIONS,CÔNG TY TNHH  ANA SOFTWARE SOL,Công ty trách nhiệm hữu hạn một thành viên,"Số 197 Huỳnh Tấn Phát, Phường Tân Thuận Đông, Quận 7, Thành phố Hồ Chí Minh, Việt Nam",Quận 7,"7020: Hoạt động tư vấn quản lý-(trừ tư vấn tài chính, kế toán, pháp luật);7310: Quảng cáo-;7320: Nghiên cứu thị trường và thăm dò dư luận-(trừ các loại thông tin Nhà nước cấm và dịch vụ điều tra);6311",software
316544278,CÔNG TY TNHH CODEMAZE SOFTWARE SOLUTION,CÔNG TY TNHH CODEMAZE SOFTWARE,Công ty trách nhiệm hữu hạn một thành viên,"107/4 Quang Trung, Phường 10, Quận Gò Vấp, Thành phố Hồ Chí Minh, Việt Nam",Quận Gò Vấp,"1820: Sao chép bản ghi các loại-;2620: Sản xuất máy vi tính và thiết bị ngoại vi của máy vi tính-Chi tiết: Lắp ráp các máy tính điện tử như màn hình, máy tính để bàn, máy chủ, máy xách tay; Các thiết ",software
316591768,CÔNG TY TNHH AUTEROS ROBOTIC PROCESS AUTOMATION SOFTWARE,CÔNG TY TNHH AUTEROS ROBOTIC P,Công ty trách nhiệm hữu hạn một thành viên,"130 Chiến Thắng, Phường 09, Quận Phú Nhuận, Thành phố Hồ Chí Minh, Việt Nam",Quận Phú Nhuận,6201: Lập trình máy vi tính-Chi tiết : Sản xuất phần mềm;6209: Hoạt động dịch vụ công nghệ thông tin và dịch vụ khác liên quan đến máy vi tính-;Doanh nghiệp phải thực hiện đúng các quy định của pháp l,software
316603389,CÔNG TY TNHH TECHBUYSOFTWARE,CÔNG TY TNHH TECHBUYSOFTWARE,Công ty trách nhiệm hữu hạn hai thành viên trở lên,"16 Yên Thế, Phường 2, Quận Tân Bình, Thành phố Hồ Chí Minh, Việt Nam",Quận Tân Bình,"6201: Lập trình máy vi tính-;5913: Hoạt động phát hành phim điện ảnh, phim video và chương trình truyền hình-Chi tiết: Hoạt động phát hành phim điện ảnh (trừ các hoạt động trong lĩnh vực có sử dụng ch",software
316602836,CÔNG TY TNHH ELECTRIC SOFTWARE,CÔNG TY TNHH ELECTRIC SOFTWARE,Công ty trách nhiệm hữu hạn một thành viên,"341A Lê Trọng Tấn, Phường Sơn Kỳ, Quận Tân Phú, Thành phố Hồ Chí Minh, Việt Nam",Quận Tân Phú,"6201: Lập trình máy vi tính-Chi tiết: sản xuất phần mềm;6202: Tư vấn máy vi tính và quản trị hệ thống máy vi tính-;4651: Bán buôn máy vi tính, thiết bị ngoại vi và phần mềm-;7020: Hoạt động tư vấn quả",software
316674164,CÔNG TY TNHH EPICOR SOFTWARE VIỆT NAM,CÔNG TY TNHH EPICOR SOFTWARE V,Công ty trách nhiệm hữu hạn một thành viên,"Tòa nhà Bitexco Financial Tower, Tầng 46, Số 02 Hải Triều, Phường Bến Nghé, Quận 1, Thành phố Hồ Chí Minh, Việt Nam",Quận 1,"4651: Bán buôn máy vi tính, thiết bị ngoại vi và phần mềm-Chi tiết: Thực hiện quyền xuất khẩu, quyền nhập khẩu, quyền phân phối bán buôn các hàng hóa không thuộc danh mục hàng hóa cấm xuất khẩu, cấm n",software
316705165,CÔNG TY TNHH DTH SOFTWARE,CÔNG TY TNHH DTH SOFTWARE,Công ty trách nhiệm hữu hạn một thành viên,"61/1 Đường Lê Đức Thọ, Phường 15, Quận Gò Vấp, Thành phố Hồ Chí Minh, Việt Nam",Quận Gò Vấp,"4610: Đại lý, môi giới, đấu giá hàng hóa-Chi tiết: Đại lý; Môi giới hàng hóa;4791: Bán lẻ theo yêu cầu đặt hàng qua bưu điện hoặc internet-(trừ bán lẻ khí dầu mỏ hóa lỏng LPG, bình gas, hó",software
316720702,CÔNG TY TNHH ACE SOFTWARE ENGINEERING,CÔNG TY TNHH ACE SOFTWARE ENGI,Công ty trách nhiệm hữu hạn một thành viên,"Tầng 21, KLOUD Serviced Co-Office, Saigon Centre Tower 2, số 67 Lê Lợi, Phường Bến Nghé, Quận 1, Thành phố Hồ Chí Minh, Việt Nam",Quận 1,2620: Sản xuất máy vi tính và thiết bị ngoại vi của máy vi tính-;6201: Lập trình máy vi tính-Chi tiết: Sản xuất phần mềm;6202: Tư vấn máy vi tính và quản trị hệ thống máy vi tính-;6209: Hoạt động dịch,software
316738636,CÔNG TY TNHH ENESTECH SOFTWARE VIETNAM,CÔNG TY TNHH ENESTECH SOFTWARE,Công ty trách nhiệm hữu hạn một thành viên,"Tầng 3, Số 29 Nguyễn Văn Mai, Phường Võ Thị Sáu, Quận 3, Thành phố Hồ Chí Minh, Việt Nam",Quận 3,"4632: Bán buôn thực phẩm-(không hoạt động tại trụ sở);4633: Bán buôn đồ uống-;4659: Bán buôn máy móc, thiết bị và phụ tùng máy khác-;4690: Bán buôn tổng hợp-(trừ bán buôn hóa chất, khí dầu mỏ hóa lỏng",software
316780998,CÔNG TY TNHH GIẢI PHÁP PHẦN MỀM VIESOFTWARE,CÔNG TY TNHH GIẢI PHÁP PHẦN MỀ,Công ty trách nhiệm hữu hạn một thành viên,"41 Đường Số 12, Phường 10, Quận Gò Vấp, Thành phố Hồ Chí Minh, Việt Nam",Quận Gò Vấp,"4651: Bán buôn máy vi tính, thiết bị ngoại vi và phần mềm-;4652: Bán buôn thiết bị và linh kiện điện tử, viễn thông-;4659: Bán buôn máy móc, thiết bị và phụ tùng máy khác-;4741: Bán lẻ máy vi tính, th",software
316860900,CÔNG TY TNHH MINI HOME SOFTWARE,CÔNG TY TNHH MINI HOME SOFTWAR,Công ty trách nhiệm hữu hạn một thành viên,"62/2 Nguyễn Đình Chính, Phường 15, Quận Phú Nhuận, Thành phố Hồ Chí Minh, Việt Nam",Quận Phú Nhuận,"6810: Kinh doanh bất động sản, quyền sử dụng đất thuộc chủ sở hữu, chủ sử dụng hoặc đi thuê-;6820: Tư vấn, môi giới, đấu giá bất động sản, đấu giá quyền sử dụng đất-Chi tiết: Tư vấn, môi giới, quản lý",software
316910573,CÔNG TY TNHH HIGH TECH SOFTWARE,CÔNG TY TNHH HIGH TECH SOFTWAR,Công ty trách nhiệm hữu hạn hai thành viên trở lên,"S.08 Parkway Villas, 202B Đường Hoàng Văn Thụ, Phường 09, Quận Phú Nhuận, Thành phố Hồ Chí Minh, Việt Nam",Quận Phú Nhuận,6312: Cổng thông tin-Chi tiết: Thiết lập trang thông tin điện tử tổng hợp;7310: Quảng cáo-;8230: Tổ chức giới thiệu và xúc tiến thương mại-(Không thực hiện các hiệu ứng cháy nổ và không sử dụng chất n,software
316936243,CÔNG TY TNHH STACK SOFTWARE,CÔNG TY TNHH STACK SOFTWARE,Công ty trách nhiệm hữu hạn hai thành viên trở lên,"26/28 Nguyễn Bỉnh Khiêm, Phường Đa Kao, Quận 1, Thành phố Hồ Chí Minh, Việt Nam",Quận 1,"6201: Lập trình máy vi tính-Chi tiết: Sản xuất phần mềm (CPC: 8424); 4651: Bán buôn máy vi tính, thiết bị ngoại vi và phần mềm-(CPC: 622); 4652: Bán buôn thiết bị và linh kiện điện tử, viễn thông-(CPC",software
316940761,CÔNG TY TNHH SOFTWARE VN-KR,CÔNG TY TNHH SOFTWARE VNKR,Công ty trách nhiệm hữu hạn hai thành viên trở lên,"88 Nguyễn Hoàng, Phường An Phú, Thành phố Thủ Đức, Thành phố Hồ Chí Minh, Việt Nam",,6201: Lập trình máy vi tính-chi tiết : dịch vụ lập trình (CPC 842); 6202: Tư vấn máy vi tính và quản trị hệ thống máy vi tính-chi tiết : dịch vụ tư vấn phần mềm và tư vấn hệ thống (CPC 842);   Doanh n,software
316972763,CÔNG TY TNHH GMT SOFTWARE,CÔNG TY TNHH GMT SOFTWARE,Công ty trách nhiệm hữu hạn một thành viên,"244/29 Huỳnh Văn Bánh, Phường 11, Quận Phú Nhuận, Thành phố Hồ Chí Minh, Việt Nam",Quận Phú Nhuận,"6201: Lập trình máy vi tính-Chi tiết: sản xuất, gia công phần mềm;6202: Tư vấn máy vi tính và quản trị hệ thống máy vi tính-;6209: Hoạt động dịch vụ công nghệ thông tin và dịch vụ khác liên quan đến m",software
